{"meta":{"what":"The La2004 long envelope of the light-minus-dark half-year amplitude, sliced to the +/-200,000-year chart window (Observatory chart 5, charts-only \u2014 ROADMAP 15a2).","source":"Laskar et al. 2004, A&A 428, 261. Files INSOLN/INSOLP.LA2004.BTL.ASC (IMCCE, ssp.imcce.fr). Columns t[kyr] e obliquity[rad] varpi[rad], step 1 kyr.","formula":"signed = (4*T/pi)*e*sin(varpi); envelope = (4*T/pi)*e; T = 365.2422 d; varpi = heliocentric longitude of perihelion (col 4).","units":"days","window_years":[-198000,202000],"n_points":401,"de441_window_years":[-12998,16993],"extrema":{"now":{"year":2000,"e":0.01670236225492288,"envelope_days":7.7672801127978985,"signed_days":7.570699779694391},"coming_ecc_min":{"t_kyr":26.0,"year":28000,"e":0.002402467234566218,"envelope_days":1.1172453146377355},"next_local_max":{"t_kyr":84.0,"year":86000,"e":0.01581094687696586,"envelope_days":7.352735581205846},"major_max_200kyr":{"t_kyr":152.0,"year":154000,"e":0.03419173631124241,"envelope_days":15.900552833121939},"global_env_max":{"t_kyr":-27353.0,"year":-27351000,"e":0.06695670152051249,"envelope_days":31.13759887380809},"e_range_full_span":[0.0002131830848594928,0.06695670152051249]},"caveat":"Era LENGTHS and AMPLITUDES are robust across the whole span; calendar DATES of individual events are NOT what this data gives (that is Phase I's DE441 job, and only within ~15 kyr of the present).","doctrine":"Analytic orbital solution (La2004) - amplitude trend only; exact dates unreliable beyond the measured window.","built":"2026-07-19"},"years":[-198000,-197000,-196000,-195000,-194000,-193000,-192000,-191000,-190000,-189000,-188000,-187000,-186000,-185000,-184000,-183000,-182000,-181000,-180000,-179000,-178000,-177000,-176000,-175000,-174000,-173000,-172000,-171000,-170000,-169000,-168000,-167000,-166000,-165000,-164000,-163000,-162000,-161000,-160000,-159000,-158000,-157000,-156000,-155000,-154000,-153000,-152000,-151000,-150000,-149000,-148000,-147000,-146000,-145000,-144000,-143000,-142000,-141000,-140000,-139000,-138000,-137000,-136000,-135000,-134000,-133000,-132000,-131000,-130000,-129000,-128000,-127000,-126000,-125000,-124000,-123000,-122000,-121000,-120000,-119000,-118000,-117000,-116000,-115000,-114000,-113000,-112000,-111000,-110000,-109000,-108000,-107000,-106000,-105000,-104000,-103000,-102000,-101000,-100000,-99000,-98000,-97000,-96000,-95000,-94000,-93000,-92000,-91000,-90000,-89000,-88000,-87000,-86000,-85000,-84000,-83000,-82000,-81000,-80000,-79000,-78000,-77000,-76000,-75000,-74000,-73000,-72000,-71000,-70000,-69000,-68000,-67000,-66000,-65000,-64000,-63000,-62000,-61000,-60000,-59000,-58000,-57000,-56000,-55000,-54000,-53000,-52000,-51000,-50000,-49000,-48000,-47000,-46000,-45000,-44000,-43000,-42000,-41000,-40000,-39000,-38000,-37000,-36000,-35000,-34000,-33000,-32000,-31000,-30000,-29000,-28000,-27000,-26000,-25000,-24000,-23000,-22000,-21000,-20000,-19000,-18000,-17000,-16000,-15000,-14000,-13000,-12000,-11000,-10000,-9000,-8000,-7000,-6000,-5000,-4000,-3000,-2000,-1000,0,1000,2000,3000,4000,5000,6000,7000,8000,9000,10000,11000,12000,13000,14000,15000,16000,17000,18000,19000,20000,21000,22000,23000,24000,25000,26000,27000,28000,29000,30000,31000,32000,33000,34000,35000,36000,37000,38000,39000,40000,41000,42000,43000,44000,45000,46000,47000,48000,49000,50000,51000,52000,53000,54000,55000,56000,57000,58000,59000,60000,61000,62000,63000,64000,65000,66000,67000,68000,69000,70000,71000,72000,73000,74000,75000,76000,77000,78000,79000,80000,81000,82000,83000,84000,85000,86000,87000,88000,89000,90000,91000,92000,93000,94000,95000,96000,97000,98000,99000,100000,101000,102000,103000,104000,105000,106000,107000,108000,109000,110000,111000,112000,113000,114000,115000,116000,117000,118000,119000,120000,121000,122000,123000,124000,125000,126000,127000,128000,129000,130000,131000,132000,133000,134000,135000,136000,137000,138000,139000,140000,141000,142000,143000,144000,145000,146000,147000,148000,149000,150000,151000,152000,153000,154000,155000,156000,157000,158000,159000,160000,161000,162000,163000,164000,165000,166000,167000,168000,169000,170000,171000,172000,173000,174000,175000,176000,177000,178000,179000,180000,181000,182000,183000,184000,185000,186000,187000,188000,189000,190000,191000,192000,193000,194000,195000,196000,197000,198000,199000,200000,201000,202000],"signed_days":[-17.828,-20.559,-21.635,-20.929,-18.575,-14.773,-9.792,-4.14,1.757,7.416,12.361,16.184,18.695,19.602,18.972,16.885,13.525,9.206,4.362,-0.729,-5.57,-9.833,-13.275,-15.601,-16.736,-16.656,-15.411,-13.121,-10.064,-6.407,-2.474,1.462,5.163,8.408,10.965,12.78,13.727,13.787,13.026,11.49,9.29,6.595,3.541,0.303,-2.919,-5.951,-8.653,-10.806,-12.325,-13.081,-12.997,-12.057,-10.296,-7.765,-4.629,-1.06,2.715,6.451,9.849,12.695,14.733,15.775,15.729,14.529,12.209,8.937,4.856,0.288,-4.467,-9.047,-13.109,-16.291,-18.342,-19.04,-18.264,-16.05,-12.5,-7.86,-2.489,3.196,8.72,13.59,17.382,19.727,20.39,19.299,16.51,12.302,7.004,1.147,-4.778,-10.217,-14.72,-17.878,-19.488,-19.428,-17.747,-14.674,-10.469,-5.529,-0.302,4.816,9.429,13.14,15.788,17.125,17.149,15.892,13.503,10.178,6.242,1.962,-2.308,-6.258,-9.608,-12.155,-13.694,-14.196,-13.635,-12.086,-9.704,-6.713,-3.31,0.18,3.531,6.479,8.832,10.394,11.153,11.003,10.042,8.385,6.167,3.579,0.894,-1.77,-4.146,-6.1,-7.533,-8.378,-8.574,-8.224,-7.358,-6.04,-4.473,-2.701,-0.858,0.898,2.519,3.955,5.042,5.88,6.362,6.501,6.312,5.844,5.03,4.011,2.765,1.331,-0.185,-1.731,-3.276,-4.636,-5.791,-6.641,-7.052,-7.0,-6.471,-5.383,-3.861,-1.97,0.179,2.418,4.494,6.358,7.699,8.457,8.554,7.923,6.599,4.75,2.434,-0.112,-2.646,-5.013,-6.976,-8.344,-9.04,-9.01,-8.169,-6.721,-4.707,-2.303,0.214,2.663,4.861,6.519,7.584,7.96,7.571,6.539,4.992,3.014,0.908,-1.138,-2.984,-4.372,-5.22,-5.532,-5.226,-4.441,-3.312,-1.949,-0.542,0.709,1.749,2.438,2.717,2.658,2.285,1.631,0.923,0.181,-0.471,-0.895,-1.091,-1.049,-0.711,-0.218,0.384,1.041,1.605,1.986,2.182,2.072,1.67,1.054,0.19,-0.789,-1.76,-2.687,-3.42,-3.86,-3.986,-3.75,-3.108,-2.187,-0.989,0.381,1.762,3.06,4.187,4.949,5.36,5.332,4.838,3.948,2.713,1.204,-0.436,-2.068,-3.615,-4.9,-5.841,-6.381,-6.445,-6.013,-5.176,-3.887,-2.314,-0.544,1.313,3.117,4.695,5.995,6.856,7.222,7.071,6.393,5.197,3.646,1.769,-0.245,-2.237,-4.062,-5.584,-6.636,-7.193,-7.17,-6.603,-5.525,-4.08,-2.323,-0.465,1.392,3.1,4.552,5.648,6.374,6.655,6.546,6.042,5.209,4.089,2.749,1.271,-0.311,-1.883,-3.417,-4.806,-6.002,-6.908,-7.494,-7.642,-7.364,-6.583,-5.342,-3.63,-1.567,0.789,3.243,5.652,7.815,9.53,10.612,10.94,10.385,8.966,6.697,3.759,0.323,-3.293,-6.815,-9.901,-12.273,-13.654,-13.946,-13.011,-10.963,-7.91,-4.123,0.104,4.383,8.383,11.746,14.166,15.483,15.556,14.364,12.054,8.778,4.789,0.47,-3.913,-7.976,-11.395,-13.935,-15.413,-15.674,-14.773,-12.752,-9.768,-6.091,-1.998,2.233,6.197,9.659,12.343,14.025,14.622,14.106,12.506,9.994,6.779,3.093,-0.766,-4.474,-7.839,-10.562,-12.478,-13.508,-13.562,-12.652,-10.927,-8.432,-5.395,-2.036,1.449,4.84,7.85,10.364,12.181,13.151,13.271,12.499,10.838,8.48,5.515,2.126,-1.384],